id,scientific_name,common_names,category
1_1,Tulipa,Tulip,1
1_2,Nelumbo,Lotus,1
1_3,Chrysanthemum,Chrysanthemum,1
1_4,Helianthus,Sunflower,1
1_5,Nymphaea,Water Lily,1
1_6,Cosmos,Cosmos,1
1_7,Coreopsis,Tickseed,1
1_8,Paeonia,Peony,1
1_9,Orychophragmus,Chinese Violet Cress,1
1_10,Aster,Aster,1
1_11,Papaver,Poppy,1
1_12,Phalaenopsis,Moth Orchid,1
1_13,Zinnia,Zinnia,1
1_14,Iris,Iris,1
1_15,Pericallis,Cineraria,1
1_16,Rudbeckia,Coneflower,1
1_17,Cleome,Spider Flower,1
1_18,Dahlia,Dahlia,1
1_19,Tagetes,Marigold,1
1_20,Verbena,Vervain,1
1_21,Lythrum,Loosestrife,1
1_22,Viola,Violet,1
1_23,Digitalis,Foxglove,1
1_24,Portulaca,Purslane,1
1_25,Cymbidium,Orchid,1
1_26,Hemerocallis,Daylily,1
1_27,Dianthus,Carnation,1
1_28,Lupinus,Lupine,1
1_29,Canna,Canna Lily,1
1_30,Taraxacum,Dandelion,1
2_1,Cerasus,Cherry,2
2_2,Rosa,Rose,2
2_3,Magnolia,Magnolia,2
2_4,Amygdalus,Almond,2
2_5,Prunus,Plum,2
2_6,Rhododendron,Rhododendron,2
2_7,Hydrangea,Hydrangea,2
2_8,Handroanthus,Trumpet trees,2
2_9,Malus,Apple,2
2_10,Lavandula,Lavender,2
2_11,Syringa,Lilac,2
2_12,Bougainvillea,Bougainvillea,2
2_13,Sophora,Pagoda Tree,2
2_14,Lagerstroemia,Crape myrtle,2
2_15,Bombax,Silk-cotton tree,2
2_16,Camellia,Camellia,2
2_17,Hibiscus,Hibiscus,2
2_18,Chimonanthus,Wintersweet,2
2_19,Pyrus,Pear,2
2_20,Cercis,Redbud,2
2_21,Bauhinia,Bauhinia,2
2_22,Delonix,Royal Poinciana,2
2_23,Jasminum,Jasmine,2
2_24,Punica,Pomegranate,2
2_25,Jacaranda,Jacaranda,2
2_26,Lantana,Lantana,2
2_27,Osmanthus,Osmanthus,2
2_28,Spiraea,Spiraea,2
2_29,Wisteria,Wisteria,2
2_30,Calliandra,Powderpuff,2
3_1,Tradescantia,Spiderwort,3
3_2,Phragmites,Reed,3
3_3,Brassica,Mustard,3
3_4,Bambusoideae,Bamboos,3
3_5,Zea,Maize,3
3_6,Musa,Banana,3
3_7,Pennisetum,Fountain Grass,3
3_8,Cordyline,Cordyline,3
3_9,Musella,Chinese Dwarf Banana,3
3_10,Alpinia,Galangal,3
3_11,Cyperus,Sedge,3
3_12,Cortaderia,Pampas grass,3
3_13,Coleus,Coleus,3
3_14,Ananas,Pineapple,3
3_15,Typha,Cattail,3
3_16,Colocasia,Taro,3
3_17,Ophiopogon,Ophiopogon,3
3_18,Pilea,Clearweed,3
3_19,Euphorbia,Spurge,3
3_20,Acorus,Sweet Flag,3
4_1,Acer,Maple,4
4_2,Ginkgo,Ginkgo,4
4_3,Pinus,Pine,4
4_4,Ficus,Fig,4
4_5,Salix,Willow,4
4_6,Populus,Poplar,4
4_7,Zelkova,Zelkova,4
4_8,Diospyros,Persimmon,4
4_9,Cocos,Coconut,4
4_10,Trachycarpus,Windmill palm,4
4_11,Parthenocissus,Virginia Creeper,4
4_12,Photinia,Photinia,4
4_13,Cinnamomum,Cinnamon,4
4_14,Firmiana,Chinese parasol tree,4
4_15,Betula,Birch,4
4_16,Dalbergia,Rosewood,4
4_17,Platanus,Plane Tree,4
4_18,Artocarpus,Breadfruit,4
4_19,Ulmus,Elm,4
4_20,Liquidambar,Sweetgum,4
4_21,Aucuba,Japanese Aucuba,4
4_22,Metasequoia,Dawn Redwood,4
4_23,Schefflera,Schefflera,4
4_24,Sabina,Juniper,4
4_25,Vernicia,Tung Tree,4
4_26,Cedrus,Cedar,4
4_27,Cotinus,Smoketree,4
4_28,Araucaria,Araucaria,4
4_29,Ardisia,Marlberry,4
4_30,Taxodium,Bald Cypress,4
5_1,Alsophila,Scaly Tree Fern,5
5_2,Nephrolepis,Sword fern,5
5_3,Riccia,Crystalwort,5
5_4,Adiantum,Maidenhair Fern,5
5_5,Asplenium,Spleenwort,5
6_1,Lemna,Duckweed,6
6_2,Myriophyllum,Water Milfoil,6
6_3,Nostoc,Nostoc,6
7_1,Pavo,Peafowl,7
7_2,Cygnus,Swan,7
7_3,Anser,Goose,7
7_4,Larus,Gull,7
7_5,Anas,Duck,7
7_6,Columba,Pigeon,7
7_7,Egretta,Egret,7
7_8,Bombycilla,Waxwing,7
7_9,Phoenicopterus,Flamingo,7
7_10,Corvus,Crow,7
7_11,Pica,Magpie,7
7_12,Gallus,Junglefowl,7
7_13,Garrulax,Laughingthrush,7
7_14,Gallinula,Moorhen,7
7_15,Ardea,Heron,7
7_16,Psittacula,Parrots,7
7_17,Nycticorax,Night Heron,7
7_18,Dicrurus,Drongo,7
7_19,Alcedo,Kingfisher,7
7_20,Urocissa,Magpie,7
7_21,Pelecanus,Pelican,7
7_22,Ara,Macaw,7
7_23,Aix,Wood Duck,7
7_24,Platalea,Spoonbill,7
7_25,Zosterops,White-eye,7
7_26,Passer,True Sparrow,7
7_27,Phasianus,Pheasant (Phasianus),7
7_28,Nipponia,Crested ibis,7
7_29,Chrysolophus,Pheasant (Chrysolophus),7
7_30,Struthio,Ostrich,7
8_1,Python,Python,8
8_2,Chinemys,Asian Pond Turtle,8
8_3,Varanus,Monitor Lizard,8
8_4,Chelonia,Sea Turtles,8
8_5,Iguana,Iguanas,8
8_6,Naja,Cobra,8
8_7,Alligator,Alligators,8
8_8,Eunectes,Anacondas,8
8_9,Pituophis,Pine snakes,8
8_10,Gekko,Gecko,8
9_1,Felis,Cat,9
9_2,Ailuropoda,Giant Panda,9
9_3,Macaca,Macaque,9
9_4,Panthera,Leopards,9
9_5,Sciurus,Squirrel,9
9_6,Canis,Dog,9
9_7,Giraffa,Giraffe,9
9_8,Cervus,Deer (Cervus),9
9_9,Ailurus,Red panda,9
9_10,Lynx,Lynx,9
10_1,Rana,True frog,10
10_2,Bufo,Toad,10
10_3,Cynops,Fire-bellied Newt,10
11_1,Carassius,Crucian carp,11
11_2,Cyprinus,Carp,11
11_3,Cichlidae,Cichlid,11
12_1,Nymphalidae,Brush-footed butterflies,12
12_2,Helix,Garden Snail,12
12_3,Crassostrea,Oyster,12
12_4,Phasmatodea,Walkingstick,12
13_1,Agaricus,Field mushroom,13
13_2,Fomes,Fomes,13
13_3,Usnea,Old Man's Beard,13
13_4,Cetraria,Cetraria lichens,13
13_5,Ganoderma,Ganoderma,13
